user_input,retrieved_contexts,response,reference,faithfulness,answer_relevancy,context_precision,context_recall
What was the main research question of the paper?,"['(31) Lemons, D. S.; Gythiel, A. Paul Langevin ’s 1908 paper “On the\nTheory of Brownian Motion ”[“Sur la the ́orie du mouvement\nbrownien, ”C. R. Acad. Sci. (Paris) 146, 530 −533 (1908)]. Am. J.\nPhys. 1997 ,65, 1079.\n(32) Plimpton, S. Fast parallel algorithms for short-range molecular\ndynamics. J. Comput. Phys. 1995 ,117,1 .\n(33) Grønbech-Jensen, N.; Farago, O. Mol. Phys. 2013 ,111, 983.\n(34) Grønbech-Jensen, N.; Hayre, N. R.; Farago, O. Comput. Phys.\nCommun. 2014 ,185, 524.\n(35) Thompson, A. P.; Plimpton, S. J.; Mattson, W. J. Chem. Phys.\n2009 ,131, 154107.\n(36) Allen, M. P.; Tildesley, D. J. Computer Simulation of Liquids ;\nClarendon Press: Oxford, 1987.\n(37) Zhou, J.; Jiang, Y.; Doi, M. Cross interaction drives stratification\nin drying film of binary colloidal mixtures. Phys. Rev. Lett. 2017 ,118,\n108002.\n(38) Van den Broeck, C.; Lostak, F.; Lekkerkerker, H. N. W. The\nEffect of Direct Interactions on Brownian Diffusion. J. Chem. Phys.\n1981 ,74, 2006.', 'drives segregation by size. Here, we derived a simple model toexplain the e ﬀect of the osmotic pressure gradient on particles\nof diﬀerent sizes. A more complete theory based on collective\ndiﬀusion\n44and taking into account the ﬂux and mobilities of\nthe particles represents a challenge for the future.\nWe investigated colloidal ternary mixtures and found\nsegregation, as predicted by the model, even for diametervariations as small as 20 or 30%. We also investigated the e ﬀect\nof colloidal di ﬀusiophoresis during drying on polydisperse\nparticles. In all cases we studied, we found that in the ﬁnalﬁlm,\nthe composition varies with height, with the top of the ﬁlm\ncontaining more small particles and the bottom containingmore large particles. The distribution of particle sizes is afunction of height within the ﬁnal system. At the bottom, we\nﬁnd an average diameter larger than the total average and a', 'problem of sedimentation of colloidal particles,\n46and it\nwould be interesting to investigate the e ﬀects of the osmotic\ngradients on particles of di ﬀerent sizes also in this context.\nThe layering we have observed here and in our earlier work16\nis potentially useful. For example, Nunes et al.15studied ﬁlm\nformation in mixtures of hard nanospheres with larger softerparticles. They observed that the small hard nanospheresimproved the surface hardness of the coating, which isdesirable, and suggested that this may be due to high\nFigure 6. Probability distribution functions for the height z/Hfinof the\nlargest and smallest particles. The red solid curve is the distribution for\nparticles with diameters in the range 1.5 < d/dav< 4, whereas the blue\ndashed line is the distribution for particles with diameters in the range\n0<d/dav< 0.5. Each distribution is normalized to1.\nFigure 7. (a) Distance travelled δd=⟨Δzd⟩−⟨Δzdav⟩by particles of', 'ﬁt quality, we plot |δd|on a semilogarithmic scale in Figure 7 b.The function predicted by our model (black line) ﬁts the\nsimulation data reasonably well.\n■CONCLUSIONS\nWe investigated the nonequilibrium segregation of mixtures bysize in drying ﬁlms. The segregation was driven by colloidal\ndiﬀusiophoresis, and we studied it in ternary and polydisperse\nmixtures by means of Brownian dynamics simulations. We alsopresented a physical model for colloidal di ﬀusiophoresis. The\nmodel predicts that particles with diameter greater than theaverage diameter have a larger phoretic velocity, that is, movedownward faster, than particles with average diameter. On theother hand, particles smaller than the average move downslower. It is this di ﬀerence in di ﬀusiophoretic velocities that\ndrives segregation by size. Here, we derived a simple model toexplain the e ﬀect of the osmotic pressure gradient on particles\nof diﬀerent sizes. A more complete theory based on collective\ndiﬀusion']"," The main research question of the paper is ""Investigating the nonequilibrium segregation of mixtures by size in drying films, driven by colloidal diffusiophoresis."" (Cited from page not provided as it's a summary conclusion.)","Whether the size-based stratification the authors previously observed in drying binary colloidal mixtures also occurs in more complex ternary and polydisperse suspensions, and how the mixture composition affects the resulting layering pattern.",1.0,0.9618357144500088,0.49999999995,1.0
What methodology did the authors use?,"['the smaller species and used a Stokes −Einstein expression for\nζi. We further develop this model here and apply it to\npolydisperse mixtures.\nAll of these ﬁve models use uncontrolled approximations,\nand so require validation for the parameter range of interest. Todo this, we compare the predictions of our model, which we\ndevelop below, with the results of simulations. Once hydro-\ndynamic interactions are neglected, computer simulations makeno further approximations. Thus, computer simulations allowus to test the approximations made in theories. For example, in\nearlier work, we showed that the pressure gradient was\ndominated by the smaller species (Figure 4 of Fortini etal.\n16), whereas Zhou et al.37found that within their\napproximation, it was the cross-term that dominated the\ninteraction part of their expression for the velocity of the largerspecies. Thus, our simulations support that part of the theory ofZhou et al.\n37\nPhysical Model of Colloidal Di ﬀusiophoresis. In a', 'for mixtures of particles. For example, applying oppositeoscillatory external forces to two components of a mixture cancause them to segregate into lanes.\n29,30\nIn this article, we expand on our previous work16by\nanalyzing using Brownian dynamics computer simulations theeﬀect of density gradients on ternary mixtures and on\npolydisperse colloidal suspensions during evaporation.\nIn this article, when we refer to ternary mixtures, we mean a\nsystem with three species of colloidal particles suspended in asolvent.\n■MODEL AND SIMULATION METHOD\nWe model a system of i=1t o Ntotspherical particles with\ndiameters diand masses miin a simulation box with dimensions\nL×L×H. We use periodic boundary conditions for the xand\nydirections. In the zdirection, the box is delimited at the\nbottom by a hard substrate. At the top, a soft wall movesdownward with velocity v\nev. This models the movement of the\nair−water interface during evaporation. A sketch of the model is\nshown in Figure 1 .', '(31) Lemons, D. S.; Gythiel, A. Paul Langevin ’s 1908 paper “On the\nTheory of Brownian Motion ”[“Sur la the ́orie du mouvement\nbrownien, ”C. R. Acad. Sci. (Paris) 146, 530 −533 (1908)]. Am. J.\nPhys. 1997 ,65, 1079.\n(32) Plimpton, S. Fast parallel algorithms for short-range molecular\ndynamics. J. Comput. Phys. 1995 ,117,1 .\n(33) Grønbech-Jensen, N.; Farago, O. Mol. Phys. 2013 ,111, 983.\n(34) Grønbech-Jensen, N.; Hayre, N. R.; Farago, O. Comput. Phys.\nCommun. 2014 ,185, 524.\n(35) Thompson, A. P.; Plimpton, S. J.; Mattson, W. J. Chem. Phys.\n2009 ,131, 154107.\n(36) Allen, M. P.; Tildesley, D. J. Computer Simulation of Liquids ;\nClarendon Press: Oxford, 1987.\n(37) Zhou, J.; Jiang, Y.; Doi, M. Cross interaction drives stratification\nin drying film of binary colloidal mixtures. Phys. Rev. Lett. 2017 ,118,\n108002.\n(38) Van den Broeck, C.; Lostak, F.; Lekkerkerker, H. N. W. The\nEffect of Direct Interactions on Brownian Diffusion. J. Chem. Phys.\n1981 ,74, 2006.', 'drives segregation by size. Here, we derived a simple model toexplain the e ﬀect of the osmotic pressure gradient on particles\nof diﬀerent sizes. A more complete theory based on collective\ndiﬀusion\n44and taking into account the ﬂux and mobilities of\nthe particles represents a challenge for the future.\nWe investigated colloidal ternary mixtures and found\nsegregation, as predicted by the model, even for diametervariations as small as 20 or 30%. We also investigated the e ﬀect\nof colloidal di ﬀusiophoresis during drying on polydisperse\nparticles. In all cases we studied, we found that in the ﬁnalﬁlm,\nthe composition varies with height, with the top of the ﬁlm\ncontaining more small particles and the bottom containingmore large particles. The distribution of particle sizes is afunction of height within the ﬁnal system. At the bottom, we\nﬁnd an average diameter larger than the total average and a']"," The authors used Brownian dynamics computer simulations to model a system of spherical particles with different diameters and masses in a simulation box with periodic boundary conditions for the x and y directions, a hard substrate at the bottom, and a soft wall moving downward at the top to simulate evaporation (Reference: [32], [34], [35], [36]). They also compared their model with the results of simulations to validate their approximations (Reference: [37]). Additionally, they derived a simple model to explain the effect of osmotic pressure gradient on particles of different sizes (Reference: not specified in the provided context).","Brownian dynamics (Langevin dynamics) computer simulations of colloidal particles drying beneath a descending air-water interface, using the LAMMPS simulation code for the ternary mixtures and a custom in-house code for the polydisperse mixtures. Particles interacted through a short-range repulsive Yukawa potential.",1.0,0.6945138907741945,0.49999999995,0.3333333333333333
What were the key findings or results?,"['(Figure 3 a). The corresponding osmotic pressure gradients are\nshown in Figure 3 c,f for systems A and B, respectively. There\nare substantial pressure gradients below the descendinginterface that push the particles downward and do so withlarger forces on larger particles.\nThus, in summary, our simulation results provide evidence\nthat the physical model of colloidal di ﬀusiophoresis introduced\nin the previous section is qualitatively correct. Recently, Zhouet al.\n37have developed a simple model for colloidal\ndiﬀusiophoresis. This models the interactions between the\nsmall and the larger particles using a second-virial coe ﬃcient\napproximation, rather than, as we do, estimating the force on\nthe larger particles because of a density gradient of the small\nparticles. However, qualitatively our results are the same, andwe both predict that strati ﬁcation is driven by the cross-\ninteraction between the small particles and the larger particles.\nFormation of Multiple Layers. Here, we look at the', 'ﬁnd an average diameter larger than the total average and a\ndistribution skewed toward larger sizes. In the middle of thebox, we do not ﬁnd a change in average diameters, but the tails\nof the distribution are depleted. At the top, we ﬁnd that the\ndistribution is skewed toward smaller sizes.\nAll our results were obtained by Brownian dynamics or by\nLangevin dynamics set up to mimic Brownian dynamics. Thatis, we are modeling particles di ﬀusing in a solvent with viscosity,\nbut have neglected hydrodynamic interactions. Also, the solventis uniform by construction; we do not allow either itstemperature or other properties to vary during drying. Thus,our model is highly approximate and neglects a number offeatures present in the real drying of ﬁlms of colloidal particles.', 'with ⟨Δz(d)⟩being the average of the change in height from\nthe start to the end of the drying process, taken over allparticles of diameter d, and ⟨Δz(d\nav)⟩=ΔHis the average\nchange in the height of all particles. Then, we have for the ﬁnal\nphoretic spread δd\nδ=Δ −α− ⎡\n⎣⎢\n⎢⎛\n⎝⎜⎞\n⎠⎟⎤\n⎦⎥\n⎥d\nd1d\nav2\n(11)\nwhereΔis a constant. Equation 11 is a simple approximation\nbecause particles experience di ﬀerent pressure gradients over\ntime, which also depend on the initial particles ’position in the\nsimulation box. However, we will see that the predictions of eq\n11are at least qualitatively consistent with our simulation\nresults.■SIMULATION RESULTS FOR TERNARY MIXTURES\nWe have studied two sets of ternary mixtures. The ﬁrst set\nconsists of mixtures with size ratios relatively close to 1. We callthese mixtures A and B. Even here, we see signi ﬁcant\nsegregation. The second set has larger size ratios, and weobserve the formation of three distinct layers. These aremixtures C1, C2, and C3.', 'simulation box is H/d1= 1500, and the total number of\nparticles is in the range Ntot= 3.5 ×104to 2 ×105. The Pe ́clet\nnumbers are Pefilm= 375, 6000, and 24 000, for species 1, 2, and\n3, respectively.\nFigure 4 shows the result of the computer simulations of\nthese systems. When we have small numbers of the small\nparticles, they clearly accumulate at the top but without forming\na layer. They ﬁll the spaces between the intermediate-size\nparticles in a similar fashion to the case we reported in ref 42\nfor binary mixtures. We also ﬁnd a clear segregation of larger\nparticles toward the bottom of the ﬁlm.\nFigure 4 c,d shows the pro ﬁles and the snapshot of mixture\nC2. A clear layer of small particles is located at the top of the\nﬁlm, completely depleted of particles of the other two species.\nBoth the snapshot and the density pro ﬁles show that the larger']"," The key findings or results from the provided document are as follows:

- Simulation results provide evidence that the physical model of colloidal diﬀusiophoresis is qualitatively correct (Page not specified)
- In systems with size ratios relatively close to 1, significant segregation is observed (These systems are referred to as mixtures A and B) (Page not specified)
- For ternary mixtures with larger size ratios, three distinct layers are formed. These mixtures are referred to as C1, C2, and C3 (Page not specified)
- In small numbers of the small particles, they accumulate at the top but without forming a layer (Page not specified)
- A clear layer of small particles is located at the top of the film in mixture C2, completely depleted of particles of the other two species (Page not specified)
- Larger particles segregate toward the bottom of the film in ternary mixtures (Page not specified)","Larger particles consistently migrate toward the bottom of the drying film while smaller particles accumulate near the top. Ternary mixtures with large enough size ratios separate into three distinct layers. Polydisperse suspensions show a continuous size gradient, with a larger mean diameter near the bottom and a smaller mean diameter near the top, consistent with a proposed power-law model relating particle displacement to particle diameter.",1.0,0.6711506133705019,0.499999999975,0.6666666666666666
What limitations did the authors acknowledge?,"['■ASSOCIATED CONTENT\n*SSupporting Information\nThe Supporting Information is available free of charge on theACS Publications website at DOI: 10.1021/acs.lang-\nmuir.7b00946 .\nEvolution of the system shown in Figure 4 from the\ninitial homogeneous distribution to the ﬁnal strati ﬁed\nstructure ( AVI)\nDiﬀusion coe ﬃcients of large tracer particles suspended\nin a colloidal suspension, discussion of ﬁnite size e ﬀects,\nequilibration time before evaporation, and initialdistributions of polydisperse mixtures ( PDF)\n■AUTHOR INFORMATION\nCorresponding Author\n*E-mail: r.sear@surrey.ac.uk .\nORCID\nAndrea Fortini: 0000-0002-4691-8576\nNotes\nThe authors declare no competing ﬁnancial interest.■ACKNOWLEDGMENTS\nIt is a pleasure to acknowledge the helpful discussions with\nIgnacio Martin-Fabiani and Joe Keddie. We acknowledgefunding from the European Union Seventh FrameworkProgramme BARRIER-PLUS project (FP7-SME-2012-2, no.304758).\n■ADDITIONAL NOTES\naThis is equivalent to the friction of small particles in a', 'In particular, the model only allows gradients in theconcentration of the colloidal particles. In earlier work onbinary mixtures, we found at least qualitative agreementbetween our simulations and experiments. This gives usconﬁdence that the model is reasonable. Recently, Cheng and\nGrest\n45found segregation in agreement with our ﬁndings in the\nsimulations of binary mixtures with an explicit solvent. Dryingliquid ﬁlms containing colloidal particles are complex non-\nequilibrium systems. During drying, there are complexvariations in variables such as the concentration of the particlesin both space and time. Thus, further work is needed tounderstand these complex, widespread, and important systems.\nOsmotic pressure gradients are also important in the\nproblem of sedimentation of colloidal particles,\n46and it\nwould be interesting to investigate the e ﬀects of the osmotic\ngradients on particles of di ﬀerent sizes also in this context.', 'dilute enough that the interactions between the colloidalparticles can be neglected.\nReceived: March 20, 2017\nRevised: April 18, 2017\nPublished: April 20, 2017Article\npubs.acs.org/Langmuir\n© 2017 American Chemical Society 4796 DOI: 10.1021/acs.langmuir.7b00946\nLangmuir 2017, 33, 4796 −4805\nDownloaded via TU BRAUNSCHWEIG on July 1, 2022 at 17:17:06 (UTC).\nSee https://pubs.acs.org/sharingguidelines for options on how to legitimately share published articles.', 'concentrations of the smaller particles near the top of the ﬁlm.\nOurﬁndings provide a potential explanation for this ﬁnding,\nand suggest that it could be both generic and controllable.Nunes et al.15were not able to directly observe segregation in\ntheir ﬁlms. In a di ﬀerent system, that of small droplets of\ndispersions that were allowed to dry, Antonietti et al.2did\nobserve size segregation in the ﬁnal dry particle aggregates.\nHowever, Boulogne et al.47did not detect size segregation,\nlikely because of their material becoming viscoelastic early inthe evaporation process.\nIt is clear that both multicomponent and polydisperse\nmixtures show interesting and potentially useful variations incomposition with height. Further experiments will be needed toshow how to use this variation to make coatings with superiorproperties.\n■ASSOCIATED CONTENT\n*SSupporting Information\nThe Supporting Information is available free of charge on theACS Publications website at DOI: 10.1021/acs.lang-\nmuir.7b00946 .']"," The authors acknowledged the following limitations:
- The model only allows gradients in the concentration of colloidal particles (page 1)
- Further work is needed to understand complex variations in variables such as particle concentrations in space and time during drying of liquid films containing colloidal particles (page 1)
- Osmotic pressure gradients are important in the problem of sedimentation of colloidal particles, and it would be interesting to investigate the effects of osmotic gradients on particles of different sizes (page 1)","The simulations neglect hydrodynamic interactions between particles and treat the solvent as uniform, without allowing its temperature or other properties to vary during drying. The theoretical model only accounts for concentration gradients and relies on several simplifying approximations, so the authors say a more complete theory based on collective diffusion is needed.",1.0,0.7056937380950479,0.0,0.5
"What term did the authors coin for the segregation mechanism, and what does it mean?","['motion of a colloidal species due to an ionic or molecularsolute ’s concentration gradient,20,24,25such as the motion of a\ncharged colloid in a salt gradient.24\nHere, the physical mechanism behind the segregation is the\nmotion of one colloidal species in response to a gradient inanother colloidal species. Therefore, we name our e ﬀect\ncolloidal diffusiophoresis . Because it is the di ﬀusion of one\ntype of particle/molecule in response to a gradient in anothertype of particle/molecule, colloidal di ﬀusiophoresis is a type of\ncross-di ﬀusion.\n26,27Cross-di ﬀusion has been analyzed in\nmixtures of evaporating solvents26,28and experimentally\nmeasured27in mixtures of colloids and polymers. Our colloidal\ndiffusiophoresis is a special case of cross-di ﬀusion.\nThere exist other nonequilibrium segregation mechanisms\nfor mixtures of particles. For example, applying oppositeoscillatory external forces to two components of a mixture cancause them to segregate into lanes.\n29,30', 'and polydisperse mixtures. We name the segregation e ﬀect\ncolloidal di ﬀusiophoresis. In particular, we show that by changing the composition of a ternary mixture, di ﬀerent strati ﬁcation\nmorphologies can be achieved and hence the ﬁlm properties can be tuned. In polydisperse spheres, colloidal di ﬀusiophoresis\nleads to enrichment in the large particles at the bottom part of the ﬁlm, whereas the top part is enriched with smaller particles.\nThis segregation means that in the ﬁnalﬁlm, the particle size distribution depends on height. Thus, the properties of the ﬁlm will\nthen depend on height. We propose a model that predicts a power-law dependence of the phoretic velocity on particle size.Results from the model and simulation show a good agreement.\n■INTRODUCTION\nMany coatings, from paints to cosmetics, are formed by the\ndrying of a thin, initially liquid, ﬁlm containing a dispersion of\ncolloidal particles.1Owing to the importance of coatings made', 'ﬁlm containing a mixture of smaller and larger particles,\nsegregation leads to a layer of smaller particles on top of a layer\nof larger particles. Here, we show that segregation and layering\nis very general and that three-component mixtures cansegregate into three layers, with the smallest particles at thetop. We also show that during drying, polydisperse mixturesalso tend to undergo size segregation, with the bottom of theﬁlm enriched with larger particles whereas the top is enriched\nwith smaller particles. Thus, we suspect that many ﬁlms may\nhave size distributions that depend on height, which may cause\ntheir properties also to depend on height.\nThe segregation we observe is a nonequilibrium e ﬀect, driven\nby the fact that during drying, the water −air interface descends\nwith a velocity v\nev. See Figure 1 for a schematic of a drying ﬁlm\nof a colloidal suspension. For a ﬁlm of initial thickness H, the', 'of small particles because this high concentration generateslarge osmotic pressure gradients during drying.\nColloidal Di ﬀusiophoresis. The segregation we study is\ndriven by gradients in the concentrations of the colloidalparticles. Whenever there are gradients in thermodynamic\nvariables such as concentrations, temperature, and so forth,\nthese gradients drive movement. This movement is calledphoresis.\n20−23For example, thermophoresis is the motion of\nparticles due to a temperature gradient,22electrophoresis is\nmotion driven by an electric potential gradient (uniformelectric ﬁeld),20and dielectrophoresis is motion driven by a\ngradient in the electric ﬁeld.23In our case, the motion ofcolloids is driven by a gradient in concentration, and so, it is a\ntype of di ﬀusiophoresis. Di ﬀusiophoresis usually refers to the\nmotion of a colloidal species due to an ionic or molecularsolute ’s concentration gradient,20,24,25such as the motion of a\ncharged colloid in a salt gradient.24']"," The authors coined the term ""colloidal diffusiophoresis"" for the segregation mechanism. It refers to the movement of one type of colloidal particle/molecule in response to a gradient in another type of colloidal particle/molecule, which is a type of cross-diffusion. (Page: Not specified, context from multiple pages)","They call it colloidal diffusiophoresis: the motion of one colloidal species in response to a concentration gradient of another colloidal species, which they describe as a special case of cross-diffusion.",0.6666666666666666,0.9198459781840582,0.9166666666361111,1.0
What relationship does the proposed model predict between particle size and segregation velocity?,"['and polydisperse mixtures. We name the segregation e ﬀect\ncolloidal di ﬀusiophoresis. In particular, we show that by changing the composition of a ternary mixture, di ﬀerent strati ﬁcation\nmorphologies can be achieved and hence the ﬁlm properties can be tuned. In polydisperse spheres, colloidal di ﬀusiophoresis\nleads to enrichment in the large particles at the bottom part of the ﬁlm, whereas the top part is enriched with smaller particles.\nThis segregation means that in the ﬁnalﬁlm, the particle size distribution depends on height. Thus, the properties of the ﬁlm will\nthen depend on height. We propose a model that predicts a power-law dependence of the phoretic velocity on particle size.Results from the model and simulation show a good agreement.\n■INTRODUCTION\nMany coatings, from paints to cosmetics, are formed by the\ndrying of a thin, initially liquid, ﬁlm containing a dispersion of\ncolloidal particles.1Owing to the importance of coatings made', 'ﬁt quality, we plot |δd|on a semilogarithmic scale in Figure 7 b.The function predicted by our model (black line) ﬁts the\nsimulation data reasonably well.\n■CONCLUSIONS\nWe investigated the nonequilibrium segregation of mixtures bysize in drying ﬁlms. The segregation was driven by colloidal\ndiﬀusiophoresis, and we studied it in ternary and polydisperse\nmixtures by means of Brownian dynamics simulations. We alsopresented a physical model for colloidal di ﬀusiophoresis. The\nmodel predicts that particles with diameter greater than theaverage diameter have a larger phoretic velocity, that is, movedownward faster, than particles with average diameter. On theother hand, particles smaller than the average move downslower. It is this di ﬀerence in di ﬀusiophoretic velocities that\ndrives segregation by size. Here, we derived a simple model toexplain the e ﬀect of the osmotic pressure gradient on particles\nof diﬀerent sizes. A more complete theory based on collective\ndiﬀusion', 'top of the ﬁlm will, on average, move much larger distances\ndown than those starting near the bottom, and we will ﬁnd that\nlarger particles move farther than smaller ones. This segregation\nresults from variations in the downward velocity with the\nparticle size.\nTo describe the relative downward velocities of the di ﬀerent\nspecies, Nikiforow et al.9started from a generalized Fick ’s law.\nFor two species iandj, this is Ji=−Dii∇ρi−Dij∇ρj. McAfee\nand Annunziata27started from an expression in terms of\ngradients of the chemical potentials, not in the densities: Ji=\n−Lii∇μi−Lij∇μj, and Trueman et al.10used a more complex\nmodel. Note that for McAfee and Annunziata ’s expression, the\nOnsager reciprocal relation implies that Lij=Lji.27Here, Dijare\ndiﬀusion constants, while Lijare mobilities. By contrast, in our\nearlier work,16we started with an expression for the velocity of\ncomponent i,vi, and so did Zhou et al.37We started with vi=fi/', 'fraction of overlap area between the two distributions. For the\ndistributions in Figure 6 , the OVI is 21%.\nThe polydisperse suspensions allow us to test our simple\nmodel ( eq 11 ) that predicts that the segregation of particles of\ndiﬀerent diameters during drying is a power-law function of\ndiameter. We calculate the average displacement during drying\nover all particles, ⟨Δzdav⟩, and the average displacement ⟨Δzd⟩\nof particles of diameter d. The diameter parameter space was\nbinned in windows of size 0.02/ dav.\nThe distance travelled by particles of diameter dis plotted in\nFigure 7 . This is for a polydispersity γ/dav= 0.24. The tail of the\ncurve shows plateaus corresponding to half of the ﬁnal box\nheight. We ﬁt the data outside the tails to eq 11 . The ﬁt\nparameters are Δ/dav= 14.8 and α= 0.13. To better judge the\nﬁt quality, we plot |δd|on a semilogarithmic scale in Figure 7 b.The function predicted by our model (black line) ﬁts the\nsimulation data reasonably well.\n■CONCLUSIONS']"," The proposed model predicts a power-law dependence of the phoretic velocity on particle size, with larger particles having a larger downward velocity compared to smaller ones. (Citation: Not specified in the question, but it can be inferred from the context on page 1 and 2.)","A power-law relationship: the difference in velocity between a particle of a given diameter and a particle of average diameter scales with diameter raised to the power (2 minus alpha), where alpha comes from how the sedimentation coefficient depends on particle size.",1.0,0.8809555966535113,0.7499999999625,0.0
Why did the authors need a custom in-house simulation code for the polydisperse mixtures?,"['=− ∑ ++ ps s s ()z V ixxi\nyyi\nzzi 1\n3z, where the sum runs over all\nparticles with coordinate zithat satis ﬁes|z−zi|<a. The\nparameter a= 0.2 d0and the volume Vz=aLxLy.\nSimulations of polydisperse spheres were carried out in the\noverdamped limit of the Langevin dynamics, eq 1. This is ξir ̇i/\n(mir ̈i)≫1 for all i, limit. Equation 1 then simpli ﬁes to\n∑ ξ δ ̇=− ∇ +\n<U rr r F (, )ii\nijij i j i\n(2)\nA Brownian dynamics36code for the solution of eq 2 was\ndeveloped in-house because LAMMPS does not yet allow forparticle-level polydispersity. The polydispersity was modeled bydistributing the particle diameters according to a Gaussiandistribution with standard deviation γand centered around the\ndiameter d\nav/d0=1 .W e ﬁxed the time step δt=1×10−5t0and\nthe temperature kBT/ϵ0= 1. The friction coe ﬃcient is ξ/ξ0=\n1di/d0. The Brownian time for particles of diameter diisτBi=\n(di/d0)3t0.\nAll simulations are started with particles in random', 'the smaller species and used a Stokes −Einstein expression for\nζi. We further develop this model here and apply it to\npolydisperse mixtures.\nAll of these ﬁve models use uncontrolled approximations,\nand so require validation for the parameter range of interest. Todo this, we compare the predictions of our model, which we\ndevelop below, with the results of simulations. Once hydro-\ndynamic interactions are neglected, computer simulations makeno further approximations. Thus, computer simulations allowus to test the approximations made in theories. For example, in\nearlier work, we showed that the pressure gradient was\ndominated by the smaller species (Figure 4 of Fortini etal.\n16), whereas Zhou et al.37found that within their\napproximation, it was the cross-term that dominated the\ninteraction part of their expression for the velocity of the largerspecies. Thus, our simulations support that part of the theory ofZhou et al.\n37\nPhysical Model of Colloidal Di ﬀusiophoresis. In a', 'and polydisperse mixtures. We name the segregation e ﬀect\ncolloidal di ﬀusiophoresis. In particular, we show that by changing the composition of a ternary mixture, di ﬀerent strati ﬁcation\nmorphologies can be achieved and hence the ﬁlm properties can be tuned. In polydisperse spheres, colloidal di ﬀusiophoresis\nleads to enrichment in the large particles at the bottom part of the ﬁlm, whereas the top part is enriched with smaller particles.\nThis segregation means that in the ﬁnalﬁlm, the particle size distribution depends on height. Thus, the properties of the ﬁlm will\nthen depend on height. We propose a model that predicts a power-law dependence of the phoretic velocity on particle size.Results from the model and simulation show a good agreement.\n■INTRODUCTION\nMany coatings, from paints to cosmetics, are formed by the\ndrying of a thin, initially liquid, ﬁlm containing a dispersion of\ncolloidal particles.1Owing to the importance of coatings made', '■ASSOCIATED CONTENT\n*SSupporting Information\nThe Supporting Information is available free of charge on theACS Publications website at DOI: 10.1021/acs.lang-\nmuir.7b00946 .\nEvolution of the system shown in Figure 4 from the\ninitial homogeneous distribution to the ﬁnal strati ﬁed\nstructure ( AVI)\nDiﬀusion coe ﬃcients of large tracer particles suspended\nin a colloidal suspension, discussion of ﬁnite size e ﬀects,\nequilibration time before evaporation, and initialdistributions of polydisperse mixtures ( PDF)\n■AUTHOR INFORMATION\nCorresponding Author\n*E-mail: r.sear@surrey.ac.uk .\nORCID\nAndrea Fortini: 0000-0002-4691-8576\nNotes\nThe authors declare no competing ﬁnancial interest.■ACKNOWLEDGMENTS\nIt is a pleasure to acknowledge the helpful discussions with\nIgnacio Martin-Fabiani and Joe Keddie. We acknowledgefunding from the European Union Seventh FrameworkProgramme BARRIER-PLUS project (FP7-SME-2012-2, no.304758).\n■ADDITIONAL NOTES\naThis is equivalent to the friction of small particles in a']", The authors needed a custom in-house simulation code for the polydisperse mixtures because LAMMPS does not yet allow for particle-level polydispersity (Page 1).,"Because LAMMPS did not support particle-level polydispersity at the time, so they developed their own Brownian dynamics code to model particle diameters drawn from a continuous Gaussian distribution.",0.6666666666666666,0.9832218898770281,0.9999999999,1.0
"How many layers formed in mixture C3, and what did each layer contain?","['interaction between the small particles and the larger particles.\nFormation of Multiple Layers. Here, we look at the\nmixtures C1, C2, and C3, which have a larger size ratio of 8:4:1than A and B (see Table 1 ). We kept the fraction of the volumeoccupied by the largest species (species 3) approximately\nconstant in all three mixtures. Then, C3 had the largest amountof the smallest species (species 1), whereas C1 had the smallest.The solid fraction percentages are 1:62:37, 11:48:41, and30:30:40 for C1, C2, and C3, respectively. So, C3 hasapproximately the same volume fractions of all three species,whereas C1 has only small amounts of the smallest species, andC2 is intermediate between C1 and C3.\nWe set the evaporation velocity v\nevτ/d1= 0.1, and the total\ninitial volume fraction ηtot≃0.036. The height of the\nsimulation box is H/d1= 1500, and the total number of\nparticles is in the range Ntot= 3.5 ×104to 2 ×105. The Pe ́clet\nnumbers are Pefilm= 375, 6000, and 24 000, for species 1, 2, and', 'C2. A clear layer of small particles is located at the top of the\nﬁlm, completely depleted of particles of the other two species.\nBoth the snapshot and the density pro ﬁles show that the larger\nparticles are segregated toward the bottom but without a sharptransition between layers of the intermediate and largestspecies. On the other hand, in mixture C3 ( Figure 4 e,f), we ﬁnd\nthree layers with well-de ﬁned boundaries. The ﬁrst layer has\nFigure 3. Density, pressure, and pressure gradient pro ﬁles in the\ndrying ﬁlm at 90% of evaporation time for ternary mixtures A (a −c)\nand B (d −f). The top surface is at z/dm= 0. The blue (dark gray)\ncurves represent the majority species, the green (thick light gray)\ncurves represent the larger species, and the yellow (dashed light gray)\ncurves represent the smaller species. (a,d) Densities of particles as a\nfunction of the distance from the interface, plotted as ρi(z)/ρ0i, where\nρi(z) is the number density of species iatzat that time and ρ0iis the', 'segregation. The second set has larger size ratios, and weobserve the formation of three distinct layers. These aremixtures C1, C2, and C3.\nSegregation in Ternary Mixtures. We simulate a ternary\nmixture of particles characterized by one majority componentwith diameter d\n1, representing the unit of distance, and two\nminority components with sizes d2/d1andd3/d1in a simulation\nbox of height H/d1= 1500 and the total number of particles\nNtot=2 ×104. The evaporation velocity is vevt0/d1= 0.1.\nMixtures A and B have the same initial total volume fraction,\nηtot≃0.059, and number ratios of N1/N2≃8 and N1/N3≃9,\nwith small variations due to the random nature of the boxinitialization. Mixture A has size ratios d\n2/d1= 0.8 and d3/d1=\n1.2, whereas the ﬁlm Péclet numbers are Pefilm= 375, 240, and\n540 for species 1, 2, and 3, respectively. Mixture B has sizeratios d\n2/d1= 0.7 and d3/d1= 2.0, with Pefilm= 375, 183.75, and1500 for species 1, 2, and 3, respectively. Other speci ﬁc', 'only small particles. The second layer has small and\nintermediate-size particles. Layer three contains all three typesof particles.\nAlthough the strati ﬁcation has some features in common\nwith equilibrium phase separation, it appears to be unrelated.We observed strati ﬁcation in binary mixtures of small and large\nparticles in earlier work,\n16but such mixtures are miscible at all\ncompositions in the ﬂuid phase.43When the size ratio is large,\nthen at high volume fractions, there is a broad ﬂuid−crystal\ncoexistence region, but we do not see crystallization of the largeparticles in our simulations.\nWe note that both in our earlier work and here, we are\nworking at Pe ́clet numbers Pe\nfilm≫1, typically a few hundreds.\nThe Pe ́clet number is a measure of how far away we are from\nequilibrium. Equilibrium is for vev= 0 where Pefilm= 0, and close\nto equilibrium is when Pefilm≪1. Thus, all our systems are very\nfar from equilibrium. So, for example, the pressure is not']"," In mixture C3, three layers were formed. The first layer contains only small particles (species 1). The second layer has small and intermediate-size particles. Layer three contains all three types of particles. (Reference: Segregation in Ternary Mixtures section)","Three well-defined layers formed: a top layer containing only the smallest particles, a middle layer containing small and intermediate-size particles, and a bottom layer containing all three particle species.",,0.7655822765404919,0.499999999975,1.0
